user_id,subscription_date,plan_type,monthly_price
2,2023-08-28,family,699
5,2024-06-04,family,699
6,2023-07-23,family,699
7,2024-04-18,basic,299
10,2023-04-28,basic,299
12,2024-04-26,basic,299
17,2023-10-13,basic,299
22,2023-03-14,premium,499
28,2023-09-04,premium,499
30,2024-03-28,basic,299
35,2023-01-31,premium,499
36,2023-07-21,premium,499
37,2024-06-18,basic,299
43,2024-05-16,basic,299
46,2024-03-12,family,699
48,2023-08-29,basic,299
52,2024-06-15,basic,299
54,2024-05-27,family,699
55,2023-07-22,family,699
58,2024-03-17,basic,299
60,2024-05-01,premium,499
66,2024-02-15,premium,499
72,2023-03-31,premium,499
78,2023-05-16,premium,499
79,2023-12-04,premium,499
82,2023-09-22,family,699
83,2024-03-26,premium,499
85,2023-06-05,basic,299
87,2023-08-05,family,699
90,2023-02-16,premium,499
92,2024-03-13,family,699
94,2023-02-13,basic,299
99,2024-03-17,family,699
100,2024-03-07,premium,499
103,2024-05-07,family,699
104,2023-09-06,basic,299
108,2023-07-31,premium,499
110,2023-11-23,basic,299
113,2024-04-14,premium,499
116,2024-03-18,basic,299
117,2023-06-07,premium,499
120,2023-08-14,basic,299
121,2024-04-24,family,699
124,2023-09-23,family,699
129,2023-01-20,premium,499
130,2023-07-26,premium,499
139,2023-08-25,basic,299
142,2023-08-12,premium,499
147,2023-02-21,family,699
148,2023-06-27,premium,499
149,2024-07-01,basic,299
154,2024-03-24,premium,499
159,2023-05-17,family,699
162,2023-02-20,basic,299
165,2023-02-13,premium,499
166,2023-03-13,basic,299
170,2024-07-05,premium,499
175,2024-01-11,family,699
177,2023-08-08,family,699
186,2023-05-21,family,699
188,2024-06-28,basic,299
189,2023-08-02,premium,499
190,2023-07-30,basic,299
191,2023-05-10,basic,299
194,2024-05-11,premium,499
195,2023-02-26,premium,499
196,2023-03-11,premium,499
198,2023-11-09,family,699
202,2023-04-19,premium,499
203,2023-03-28,basic,299
205,2024-02-24,family,699
209,2023-08-19,family,699
214,2023-03-28,basic,299
215,2023-12-09,premium,499
216,2023-04-08,family,699
218,2024-04-18,premium,499
229,2023-06-02,family,699
232,2024-02-23,basic,299
234,2023-11-16,basic,299
237,2024-06-15,premium,499
239,2023-10-15,premium,499
244,2024-02-08,basic,299
245,2023-12-16,family,699
246,2024-02-06,premium,499
248,2024-04-15,family,699
250,2024-05-06,family,699
260,2023-07-15,premium,499
262,2023-06-14,premium,499
266,2023-10-06,basic,299
267,2024-02-14,basic,299
276,2023-04-15,family,699
282,2024-02-09,premium,499
286,2023-09-20,premium,499
287,2023-12-03,basic,299
293,2023-06-29,basic,299
294,2024-02-24,premium,499
295,2023-08-19,family,699
296,2024-01-11,family,699
299,2023-09-05,premium,499
306,2023-09-21,basic,299
308,2024-03-29,family,699
309,2024-05-29,basic,299
310,2023-05-06,premium,499
311,2023-03-15,basic,299
313,2024-03-23,family,699
314,2024-04-27,basic,299
319,2023-08-09,family,699
321,2024-03-23,family,699
322,2024-04-08,premium,499
324,2023-05-02,family,699
325,2023-04-26,basic,299
326,2024-07-25,family,699
327,2024-03-01,family,699
328,2023-11-12,family,699
330,2024-05-17,premium,499
332,2023-09-19,basic,299
335,2023-08-04,basic,299
336,2023-06-21,family,699
338,2024-04-28,premium,499
339,2023-11-20,family,699
340,2023-04-24,basic,299
343,2024-03-29,premium,499
349,2024-01-01,basic,299
350,2024-04-07,premium,499
352,2024-01-14,premium,499
353,2024-03-23,premium,499
357,2023-06-26,premium,499
359,2024-03-28,family,699
360,2023-04-15,basic,299
363,2024-06-15,family,699
365,2023-09-26,basic,299
367,2024-06-02,basic,299
368,2023-12-27,basic,299
369,2024-04-20,premium,499
376,2023-08-02,family,699
387,2023-05-20,family,699
388,2024-02-16,family,699
389,2024-07-12,family,699
391,2023-07-10,family,699
392,2023-07-23,basic,299
395,2023-05-29,basic,299
398,2024-04-06,basic,299
399,2023-09-27,basic,299
401,2024-04-18,basic,299
402,2024-06-20,premium,499
406,2023-04-19,premium,499
407,2024-06-23,family,699
408,2023-09-07,family,699
419,2024-04-19,premium,499
424,2024-07-04,family,699
428,2023-12-13,premium,499
429,2024-07-18,premium,499
430,2024-05-05,family,699
432,2023-11-07,family,699
434,2024-02-14,premium,499
435,2023-02-19,family,699
436,2024-01-26,premium,499
438,2024-04-22,premium,499
439,2024-06-19,basic,299
440,2024-07-12,premium,499
441,2023-04-02,family,699
443,2023-12-07,premium,499
444,2024-04-27,premium,499
445,2024-04-20,premium,499
448,2024-07-07,basic,299
451,2024-01-16,premium,499
452,2023-07-02,basic,299
457,2024-07-13,family,699
459,2023-11-09,family,699
463,2024-07-22,basic,299
465,2024-06-27,family,699
469,2023-11-19,premium,499
476,2023-07-12,family,699
479,2023-11-22,basic,299
481,2024-01-01,family,699
482,2023-04-10,premium,499
486,2024-04-23,premium,499
490,2023-05-20,basic,299
492,2024-05-04,basic,299
494,2024-03-28,family,699
499,2024-01-26,premium,499
500,2024-06-06,family,699
502,2023-06-16,basic,299
506,2023-10-19,premium,499
509,2024-06-18,basic,299
511,2024-07-03,family,699
514,2023-11-15,family,699
518,2023-11-13,basic,299
519,2024-05-12,family,699
520,2024-05-28,basic,299
522,2023-02-18,family,699
523,2023-06-25,basic,299
527,2024-01-25,family,699
528,2024-07-18,premium,499
533,2023-10-12,family,699
536,2023-04-10,basic,299
539,2023-05-01,premium,499
544,2024-05-14,basic,299
545,2023-12-08,premium,499
546,2023-09-06,basic,299
548,2024-05-23,family,699
550,2023-10-24,premium,499
553,2023-10-07,basic,299
555,2024-02-21,basic,299
556,2024-02-18,basic,299
557,2023-06-04,family,699
573,2024-04-21,premium,499
574,2023-03-15,premium,499
575,2023-01-29,basic,299
578,2023-03-08,family,699
582,2023-05-21,premium,499
586,2024-04-05,family,699
589,2024-03-28,premium,499
591,2023-03-02,family,699
593,2024-07-17,family,699
594,2024-06-11,basic,299
599,2024-06-18,family,699
600,2024-06-22,premium,499
601,2023-06-27,premium,499
603,2023-11-19,family,699
604,2023-03-28,family,699
608,2024-07-02,family,699
609,2023-10-26,premium,499
610,2023-08-02,basic,299
612,2023-08-17,basic,299
616,2023-10-05,family,699
617,2023-04-26,basic,299
618,2023-08-05,family,699
619,2023-02-21,family,699
621,2023-06-19,family,699
622,2024-01-26,family,699
625,2023-06-30,basic,299
629,2024-03-04,family,699
630,2023-06-21,premium,499
631,2024-04-16,basic,299
633,2023-01-11,basic,299
634,2023-01-31,basic,299
636,2023-05-17,family,699
638,2023-10-22,basic,299
639,2024-02-22,basic,299
650,2023-11-08,premium,499
653,2024-01-09,basic,299
654,2023-09-15,premium,499
656,2024-05-06,premium,499
662,2023-02-01,family,699
668,2023-01-16,family,699
669,2023-04-21,premium,499
670,2024-06-23,basic,299
675,2023-09-13,basic,299
676,2023-07-23,family,699
677,2023-12-04,basic,299
680,2023-12-04,family,699
683,2023-09-06,family,699
684,2024-02-11,premium,499
687,2024-04-10,family,699
690,2024-02-05,family,699
692,2024-07-02,basic,299
694,2023-10-10,premium,499
697,2023-10-02,basic,299
698,2024-01-26,premium,499
699,2024-06-03,premium,499
700,2024-05-27,family,699
701,2023-04-06,family,699
703,2024-07-01,premium,499
704,2023-05-08,family,699
706,2023-02-11,family,699
707,2023-09-17,basic,299
708,2023-06-24,family,699
710,2024-03-29,premium,499
711,2023-08-07,basic,299
715,2023-12-02,premium,499
721,2023-05-13,premium,499
725,2024-07-14,premium,499
728,2023-03-03,premium,499
732,2023-06-24,premium,499
735,2024-06-10,basic,299
738,2023-08-30,premium,499
739,2023-11-19,premium,499
741,2023-09-16,family,699
744,2023-10-22,basic,299
747,2023-11-03,premium,499
749,2024-02-25,family,699
755,2024-01-07,basic,299
760,2023-01-22,basic,299
764,2023-04-22,family,699
765,2024-02-19,family,699
768,2023-06-10,family,699
769,2024-04-24,basic,299
770,2023-05-04,basic,299
771,2023-04-01,premium,499
773,2023-11-05,basic,299
775,2023-06-19,basic,299
776,2023-06-28,premium,499
777,2023-04-23,basic,299
778,2024-02-25,premium,499
779,2023-06-05,premium,499
782,2023-11-17,premium,499
792,2024-07-14,family,699
793,2023-04-04,family,699
794,2023-08-09,basic,299
795,2023-03-16,family,699
797,2023-05-05,premium,499
799,2023-01-25,basic,299
802,2023-02-07,basic,299
803,2024-06-29,basic,299
804,2023-03-26,family,699
805,2024-01-13,basic,299
814,2024-06-15,family,699
815,2023-09-08,basic,299
817,2023-12-26,family,699
819,2023-12-03,family,699
820,2024-02-03,premium,499
822,2024-03-09,premium,499
823,2023-12-22,premium,499
824,2023-01-12,basic,299
825,2023-05-04,premium,499
827,2023-05-02,family,699
829,2023-04-09,premium,499
830,2023-06-10,premium,499
834,2023-09-01,family,699
837,2023-05-08,basic,299
838,2024-04-19,family,699
840,2023-03-11,basic,299
841,2023-04-11,basic,299
842,2024-02-24,premium,499
843,2023-10-16,basic,299
848,2023-10-20,premium,499
849,2023-08-06,family,699
852,2024-04-16,family,699
853,2023-02-08,family,699
854,2023-12-30,basic,299
856,2023-09-16,family,699
860,2023-01-20,basic,299
863,2023-07-08,family,699
864,2023-08-15,family,699
868,2024-02-16,family,699
869,2023-09-05,family,699
871,2023-06-23,premium,499
889,2023-06-29,basic,299
890,2024-04-22,family,699
891,2023-10-10,premium,499
892,2023-10-11,premium,499
894,2024-03-26,basic,299
895,2024-07-23,family,699
896,2023-09-18,family,699
898,2023-10-07,family,699
899,2023-07-02,family,699
901,2024-05-16,premium,499
902,2023-06-24,premium,499
906,2024-02-09,basic,299
908,2023-04-14,family,699
909,2023-05-02,premium,499
914,2024-04-30,basic,299
916,2023-03-31,premium,499
917,2023-12-20,family,699
920,2023-09-17,family,699
923,2024-04-14,family,699
927,2023-03-14,premium,499
930,2024-07-06,premium,499
931,2023-06-03,premium,499
933,2023-10-01,premium,499
934,2024-05-20,premium,499
936,2024-03-09,family,699
937,2024-05-31,basic,299
940,2023-06-04,basic,299
941,2023-10-12,premium,499
942,2023-04-30,basic,299
943,2024-03-18,family,699
947,2023-07-31,basic,299
949,2023-08-03,family,699
955,2023-02-19,premium,499
959,2023-06-05,family,699
960,2023-02-08,family,699
963,2023-08-26,premium,499
966,2023-10-28,family,699
967,2023-03-20,basic,299
969,2023-06-05,basic,299
971,2023-02-16,premium,499
974,2023-08-25,basic,299
975,2024-07-02,premium,499
976,2023-07-09,family,699
977,2023-06-05,family,699
983,2023-08-01,basic,299
988,2024-05-26,basic,299
989,2023-03-09,family,699
993,2023-01-11,family,699
994,2023-02-04,family,699
996,2023-12-27,family,699
1000,2023-06-13,family,699
1001,2023-08-08,basic,299
1002,2023-09-17,basic,299
1004,2024-01-20,family,699
1013,2023-04-27,basic,299
1015,2024-03-05,premium,499
1017,2023-12-14,premium,499
1021,2023-11-12,basic,299
1027,2024-01-27,family,699
1028,2024-03-09,premium,499
1030,2023-07-17,premium,499
1033,2024-02-06,family,699
1034,2024-05-18,family,699
1035,2024-04-15,basic,299
1038,2023-09-14,basic,299
1039,2023-06-11,family,699
1040,2023-06-19,basic,299
1044,2023-09-21,premium,499
1050,2024-01-12,family,699
1056,2024-03-17,family,699
1057,2023-07-25,family,699
1059,2023-05-08,basic,299
1060,2023-06-04,premium,499
1062,2024-07-19,family,699
1063,2024-03-19,basic,299
1064,2023-07-30,basic,299
1067,2024-02-24,basic,299
1069,2024-06-28,basic,299
1070,2023-08-16,premium,499
1071,2023-11-10,basic,299
1073,2024-01-07,family,699
1081,2024-02-15,family,699
1087,2023-07-28,basic,299
1096,2024-07-20,family,699
1097,2024-01-13,family,699
1101,2023-09-21,basic,299
1102,2023-05-14,premium,499
1104,2024-06-06,basic,299
1105,2023-11-16,basic,299
1106,2024-06-17,family,699
1108,2023-08-21,family,699
1110,2023-07-05,basic,299
1115,2023-12-20,family,699
1117,2023-03-18,premium,499
1119,2023-03-31,premium,499
1123,2023-11-22,family,699
1127,2023-12-21,family,699
1128,2023-06-14,premium,499
1130,2023-03-26,family,699
1132,2023-04-29,premium,499
1135,2023-12-14,premium,499
1136,2023-11-25,basic,299
1138,2023-01-27,family,699
1139,2024-04-03,premium,499
1140,2024-01-05,premium,499
1144,2023-04-15,basic,299
1145,2024-06-17,basic,299
1146,2024-03-06,family,699
1149,2023-11-01,family,699
1150,2024-06-19,family,699
1159,2024-07-06,premium,499
1162,2023-10-09,premium,499
1164,2024-05-08,family,699
1165,2023-06-17,family,699
1172,2023-09-15,basic,299
1174,2023-06-19,family,699
1176,2023-02-03,basic,299
1177,2023-08-24,family,699
1179,2023-06-08,family,699
1182,2024-02-04,premium,499
1185,2023-02-19,basic,299
1189,2024-03-15,premium,499
1191,2023-06-15,basic,299
1192,2023-03-31,premium,499
1193,2023-07-25,premium,499
1196,2024-01-23,basic,299
1197,2023-10-13,premium,499
1198,2024-01-13,basic,299
1199,2023-08-25,family,699
1201,2023-12-02,basic,299
1202,2023-05-31,family,699
1207,2023-06-25,family,699
1212,2023-02-09,premium,499
1215,2023-09-08,basic,299
1224,2023-05-30,premium,499
1225,2023-09-17,family,699
1226,2024-05-28,basic,299
1231,2023-09-26,family,699
1232,2024-01-10,premium,499
1237,2024-01-28,family,699
1239,2023-01-27,basic,299
1242,2023-10-21,premium,499
1244,2024-07-15,basic,299
1247,2023-08-12,family,699
1248,2024-01-19,family,699
1252,2024-04-04,basic,299
1253,2024-03-11,basic,299
1254,2023-06-13,premium,499
1258,2023-05-31,basic,299
1259,2023-12-01,basic,299
1260,2023-04-12,premium,499
1261,2023-09-07,family,699
1263,2024-01-30,basic,299
1264,2023-01-30,premium,499
1266,2024-01-08,family,699
1268,2023-06-05,family,699
1270,2024-01-14,basic,299
1272,2024-02-24,basic,299
1274,2023-07-31,premium,499
1275,2023-09-20,family,699
1278,2024-03-05,basic,299
1279,2023-10-17,basic,299
1282,2024-07-15,premium,499
1283,2024-01-25,family,699
1284,2024-07-21,premium,499
1286,2024-04-10,family,699
1291,2023-10-31,basic,299
1292,2024-05-24,premium,499
1293,2023-11-22,premium,499
1295,2024-04-04,basic,299
1297,2023-04-03,family,699
1298,2023-10-08,basic,299
1299,2023-07-13,family,699
1301,2024-04-17,family,699
1302,2023-12-09,premium,499
1303,2024-07-16,basic,299
1306,2023-01-20,premium,499
1311,2023-08-10,premium,499
1312,2023-05-23,premium,499
1316,2023-12-24,family,699
1317,2024-06-27,basic,299
1320,2023-12-02,family,699
1321,2023-05-05,basic,299
1323,2023-06-28,family,699
1327,2023-05-05,family,699
1329,2023-08-15,family,699
1330,2023-06-12,basic,299
1333,2024-01-18,family,699
1335,2023-06-10,premium,499
1336,2024-07-22,family,699
1337,2024-06-12,family,699
1338,2024-01-18,family,699
1339,2023-03-31,family,699
1340,2024-07-06,family,699
1342,2024-03-16,premium,499
1343,2023-04-17,premium,499
1347,2024-06-27,family,699
1350,2024-05-03,basic,299
1352,2023-03-20,family,699
1353,2023-02-23,family,699
1355,2023-09-22,premium,499
1356,2023-08-04,family,699
1358,2024-01-03,basic,299
1359,2023-05-06,family,699
1360,2024-02-23,family,699
1362,2023-12-18,family,699
1364,2023-09-26,basic,299
1369,2023-08-25,premium,499
1370,2023-11-09,family,699
1372,2023-06-15,family,699
1375,2023-08-16,family,699
1377,2023-05-02,premium,499
1378,2024-02-17,family,699
1379,2024-01-08,basic,299
1383,2024-06-02,basic,299
1392,2024-07-07,basic,299
1396,2023-12-19,premium,499
1400,2023-04-08,basic,299
1403,2023-02-08,basic,299
1405,2024-05-25,basic,299
1406,2024-02-13,basic,299
1408,2023-10-21,premium,499
1411,2023-08-27,family,699
1412,2024-05-26,family,699
1413,2023-08-22,premium,499
1416,2023-07-05,family,699
1425,2023-05-26,family,699
1429,2023-12-17,premium,499
1430,2024-03-25,family,699
1431,2023-10-24,family,699
1438,2023-06-11,premium,499
1439,2023-02-26,basic,299
1440,2024-03-05,family,699
1441,2023-03-16,family,699
1442,2024-06-03,premium,499
1443,2023-09-30,premium,499
1444,2024-02-01,family,699
1452,2023-06-05,basic,299
1461,2023-07-18,premium,499
1462,2023-06-12,basic,299
1463,2023-11-23,family,699
1466,2024-04-25,basic,299
1468,2023-08-11,family,699
1469,2024-03-05,premium,499
1470,2023-01-27,premium,499
1472,2023-06-21,premium,499
1475,2023-07-17,family,699
1476,2023-07-12,basic,299
1477,2023-04-15,basic,299
1478,2024-02-14,family,699
1479,2023-03-12,family,699
1482,2023-03-01,basic,299
1486,2023-07-04,premium,499
1488,2024-05-07,basic,299
1489,2024-03-08,premium,499
1490,2024-01-16,family,699
1492,2023-03-14,family,699
1497,2023-02-23,family,699
1500,2024-06-28,basic,299
1501,2024-07-23,family,699
1503,2023-10-21,basic,299
1504,2024-07-16,premium,499
1505,2023-05-04,family,699
1507,2023-09-09,family,699
1508,2023-08-13,family,699
1510,2023-04-15,basic,299
1514,2023-02-22,premium,499
1515,2023-05-23,family,699
1519,2023-07-30,basic,299
1522,2023-05-17,family,699
1524,2023-06-04,premium,499
1525,2023-09-30,basic,299
1530,2024-04-16,basic,299
1533,2024-05-11,premium,499
1543,2024-03-08,basic,299
1548,2024-05-04,premium,499
1550,2023-05-08,basic,299
1552,2023-08-20,premium,499
1555,2023-11-25,basic,299
1558,2023-04-04,premium,499
1559,2024-01-29,family,699
1562,2024-07-16,premium,499
1563,2023-05-31,basic,299
1566,2023-06-24,basic,299
1568,2024-04-13,family,699
1569,2023-07-24,premium,499
1571,2023-07-18,premium,499
1572,2024-05-26,family,699
1576,2023-06-13,basic,299
1577,2024-06-24,basic,299
1580,2024-07-16,family,699
1582,2024-01-17,basic,299
1583,2023-02-14,family,699
1585,2023-07-16,family,699
1587,2023-05-22,premium,499
1590,2023-07-03,premium,499
1591,2024-01-29,premium,499
1593,2023-03-28,premium,499
1597,2024-04-23,basic,299
1600,2024-07-06,premium,499
1602,2023-02-24,basic,299
1603,2023-10-07,basic,299
1608,2023-01-14,basic,299
1611,2023-08-14,premium,499
1613,2023-05-16,basic,299
1616,2023-03-29,premium,499
1618,2023-06-16,basic,299
1620,2023-10-22,family,699
1622,2024-02-21,basic,299
1624,2023-05-13,basic,299
1626,2023-09-16,basic,299
1627,2023-06-28,premium,499
1631,2023-03-25,premium,499
1632,2024-02-01,basic,299
1634,2024-03-13,family,699
1639,2024-01-08,family,699
1643,2024-07-08,premium,499
1644,2023-12-15,basic,299
1647,2023-09-21,basic,299
1648,2024-05-19,basic,299
1650,2023-07-06,basic,299
1651,2023-04-28,premium,499
1653,2023-09-06,family,699
1656,2023-09-02,premium,499
1659,2023-07-07,basic,299
1660,2023-02-16,premium,499
1662,2023-03-27,basic,299
1665,2023-06-10,family,699
1668,2023-04-22,basic,299
1669,2024-03-15,family,699
1670,2023-05-18,premium,499
1671,2024-01-07,basic,299
1672,2023-08-20,family,699
1673,2023-05-26,family,699
1676,2023-09-28,family,699
1683,2023-09-17,premium,499
1688,2023-07-30,basic,299
1691,2024-05-05,premium,499
1692,2024-01-10,basic,299
1697,2024-03-15,premium,499
1698,2023-12-29,family,699
1699,2023-06-15,premium,499
1700,2023-02-27,family,699
1706,2024-05-25,family,699
1711,2023-02-11,family,699
1716,2024-01-29,family,699
1718,2024-07-11,basic,299
1720,2023-12-30,basic,299
1721,2023-03-20,premium,499
1725,2024-04-23,basic,299
1728,2024-05-23,basic,299
1730,2023-06-10,premium,499
1736,2023-11-24,family,699
1739,2024-01-05,basic,299
1741,2023-07-17,basic,299
1742,2023-09-25,family,699
1745,2024-01-03,basic,299
1754,2024-01-18,family,699
1755,2023-08-05,basic,299
1760,2023-06-08,basic,299
1761,2024-02-29,family,699
1766,2023-08-04,basic,299
1768,2023-01-21,basic,299
1771,2023-10-26,family,699
1775,2023-05-12,family,699
1777,2023-05-03,basic,299
1781,2023-06-22,premium,499
1783,2023-06-30,basic,299
1785,2023-11-11,family,699
1787,2023-07-19,family,699
1788,2023-11-17,premium,499
1791,2024-05-28,basic,299
1792,2023-05-05,family,699
1793,2023-08-19,family,699
1797,2024-06-23,family,699
1798,2023-02-13,family,699
1800,2023-11-11,basic,299
1802,2023-01-21,family,699
1803,2023-08-18,basic,299
1809,2023-12-29,premium,499
1810,2023-10-05,basic,299
1811,2023-01-29,basic,299
1812,2023-10-18,basic,299
1816,2024-07-02,premium,499
1817,2023-11-21,family,699
1819,2023-10-28,family,699
1821,2023-10-18,premium,499
1824,2024-01-13,basic,299
1826,2023-03-30,premium,499
1828,2023-03-10,basic,299
1832,2024-05-25,family,699
1834,2023-05-19,basic,299
1838,2024-01-29,basic,299
1839,2023-12-05,premium,499
1842,2024-06-23,premium,499
1844,2023-06-01,family,699
1847,2024-06-10,basic,299
1849,2024-05-22,basic,299
1852,2024-01-17,premium,499
1853,2023-02-28,basic,299
1854,2024-01-13,premium,499
1855,2024-02-05,premium,499
1861,2024-03-15,premium,499
1866,2024-06-22,premium,499
1869,2023-08-22,family,699
1871,2023-04-05,family,699
1872,2023-12-24,family,699
1879,2024-04-25,family,699
1887,2023-11-28,basic,299
1891,2024-05-13,premium,499
1893,2024-03-08,premium,499
1896,2023-04-07,basic,299
1897,2023-12-31,premium,499
1899,2023-07-08,family,699
1902,2024-07-16,basic,299
1903,2023-10-22,family,699
1905,2023-02-28,premium,499
1906,2023-09-25,family,699
1908,2023-09-12,family,699
1912,2023-02-07,basic,299
1917,2023-02-02,premium,499
1918,2023-06-16,family,699
1920,2023-06-21,family,699
1922,2023-06-13,family,699
1926,2023-02-18,premium,499
1931,2024-07-19,basic,299
1934,2023-05-19,premium,499
1935,2023-08-30,family,699
1936,2023-07-29,family,699
1937,2023-11-21,basic,299
1938,2024-04-18,basic,299
1939,2024-05-07,family,699
1942,2023-09-24,basic,299
1946,2024-02-10,basic,299
1947,2023-03-06,basic,299
1948,2023-07-07,family,699
1952,2024-05-28,premium,499
1953,2023-10-17,basic,299
1954,2023-12-16,premium,499
1956,2023-08-06,family,699
1958,2023-07-13,premium,499
1961,2024-06-11,basic,299
1965,2023-08-03,premium,499
1969,2023-06-23,premium,499
1970,2024-05-26,premium,499
1974,2023-03-09,basic,299
1976,2023-08-01,premium,499
1977,2023-02-01,family,699
1978,2024-02-20,basic,299
1980,2023-05-31,family,699
1987,2024-06-30,premium,499
1988,2024-05-07,basic,299
1995,2023-01-23,family,699
1999,2023-10-14,premium,499
2004,2024-06-10,premium,499
2006,2023-02-12,basic,299
2007,2023-07-21,family,699
2008,2023-06-21,family,699
2013,2024-04-10,family,699
2014,2023-11-25,premium,499
2015,2024-01-01,basic,299
2016,2024-03-13,basic,299
2017,2024-06-09,basic,299
2018,2024-05-15,premium,499
2023,2023-08-06,premium,499
2024,2023-09-20,premium,499
2026,2023-11-10,family,699
2028,2023-08-28,premium,499
2032,2023-02-19,family,699
2033,2024-01-14,premium,499
2035,2024-03-16,premium,499
2037,2024-01-10,basic,299
2043,2024-06-29,basic,299
2049,2023-10-06,premium,499
2051,2024-04-14,premium,499
2057,2024-02-23,basic,299
2058,2023-12-30,basic,299
2059,2023-06-23,premium,499
2066,2023-02-25,family,699
2068,2023-05-11,basic,299
2069,2023-10-03,basic,299
2072,2023-12-29,premium,499
2073,2023-11-07,premium,499
2078,2024-03-26,basic,299
2080,2024-03-12,basic,299
2081,2024-06-18,basic,299
2084,2024-04-16,basic,299
2085,2024-04-22,family,699
2087,2023-05-15,premium,499
2088,2024-07-16,family,699
2089,2023-11-30,family,699
2091,2024-03-19,basic,299
2092,2023-09-03,premium,499
2099,2024-03-06,basic,299
2101,2023-10-18,basic,299
2105,2024-07-08,premium,499
2108,2024-04-20,family,699
2109,2023-02-19,premium,499
2110,2024-03-30,family,699
2111,2024-06-29,premium,499
2112,2023-04-06,premium,499
2114,2023-10-03,family,699
2115,2024-02-23,basic,299
2117,2023-11-26,premium,499
2120,2023-09-17,basic,299
2128,2023-08-03,basic,299
2130,2024-05-03,family,699
2131,2023-11-03,basic,299
2136,2023-04-21,basic,299
2141,2023-12-31,family,699
2148,2024-04-19,family,699
2149,2023-01-21,basic,299
2150,2024-01-13,basic,299
2154,2023-07-26,family,699
2157,2023-06-08,premium,499
2159,2023-10-08,premium,499
2160,2023-10-06,family,699
2161,2024-03-27,basic,299
2166,2023-01-14,basic,299
2168,2024-03-31,basic,299
2169,2023-07-13,family,699
2170,2023-05-07,basic,299
2174,2023-09-23,basic,299
2175,2024-04-24,basic,299
2176,2023-03-24,basic,299
2178,2023-02-28,premium,499
2184,2023-02-01,basic,299
2186,2023-04-08,family,699
2187,2023-05-19,premium,499
2191,2024-01-07,basic,299
2194,2023-09-19,basic,299
2195,2024-01-16,basic,299
2200,2023-03-13,premium,499
2201,2023-08-29,premium,499
2203,2024-02-02,family,699
2204,2023-01-09,premium,499
2207,2024-01-10,basic,299
2209,2023-10-24,basic,299
2213,2023-04-30,basic,299
2214,2024-05-08,premium,499
2215,2023-07-24,premium,499
2216,2023-05-09,basic,299
2222,2024-06-21,basic,299
2225,2024-06-27,premium,499
2226,2024-01-23,premium,499
2230,2023-12-02,family,699
2231,2023-06-29,basic,299
2232,2023-04-19,basic,299
2236,2024-02-09,family,699
2237,2024-02-08,basic,299
2238,2023-08-29,premium,499
2242,2023-08-03,family,699
2244,2023-06-01,basic,299
2246,2024-03-11,premium,499
2247,2024-06-14,family,699
2251,2024-03-29,family,699
2252,2024-04-21,family,699
2257,2023-02-06,basic,299
2258,2023-06-24,basic,299
2263,2023-07-02,basic,299
2264,2023-07-13,premium,499
2268,2023-12-02,premium,499
2269,2023-05-12,basic,299
2271,2023-08-04,premium,499
2273,2023-08-01,basic,299
2275,2023-03-09,basic,299
2276,2023-12-14,family,699
2278,2023-10-23,basic,299
2282,2023-05-03,family,699
2284,2023-09-07,premium,499
2288,2023-03-12,basic,299
2291,2023-10-12,basic,299
2292,2024-04-27,premium,499
2295,2023-07-19,family,699
2296,2023-11-16,family,699
2299,2023-08-14,premium,499
2301,2023-05-14,family,699
2302,2023-03-19,premium,499
2304,2023-10-01,family,699
2306,2023-07-17,basic,299
2307,2023-05-09,premium,499
2309,2023-12-11,premium,499
2311,2023-05-06,basic,299
2312,2024-01-20,premium,499
2316,2024-02-07,basic,299
2318,2024-07-17,basic,299
2320,2023-05-28,basic,299
2322,2024-04-17,premium,499
2324,2023-06-04,family,699
2326,2023-06-02,basic,299
2328,2023-02-08,family,699
2332,2023-09-24,family,699
2333,2023-09-08,family,699
2335,2023-03-12,premium,499
2336,2023-02-28,family,699
2337,2023-05-20,family,699
2339,2023-04-01,basic,299
2340,2023-07-11,basic,299
2341,2024-03-30,basic,299
2342,2023-11-10,basic,299
2347,2023-04-10,family,699
2349,2023-12-03,premium,499
2351,2024-04-27,family,699
2354,2024-02-23,family,699
2355,2023-04-12,family,699
2360,2024-05-21,premium,499
2365,2023-06-25,basic,299
2370,2023-12-09,family,699
2372,2024-07-05,family,699
2374,2023-05-31,premium,499
2375,2024-06-14,premium,499
2378,2024-04-12,family,699
2379,2023-04-15,family,699
2380,2023-06-01,premium,499
2385,2023-01-31,family,699
2386,2024-05-14,basic,299
2389,2023-03-29,basic,299
2392,2023-10-25,basic,299
2394,2024-03-16,basic,299
2395,2023-12-23,premium,499
2396,2023-12-03,family,699
2397,2024-06-03,family,699
2404,2023-08-29,premium,499
2407,2023-10-21,basic,299
2409,2023-12-15,basic,299
2410,2024-02-09,basic,299
2415,2023-01-28,family,699
2417,2023-12-06,basic,299
2418,2023-09-11,premium,499
2420,2023-11-18,premium,499
2422,2023-02-20,premium,499
2424,2024-05-11,family,699
2425,2023-11-18,basic,299
2427,2023-03-19,basic,299
2429,2024-07-20,premium,499
2431,2023-04-14,family,699
2432,2023-08-15,basic,299
2435,2023-06-06,basic,299
2438,2024-01-29,premium,499
2439,2023-04-30,family,699
2444,2023-04-11,basic,299
2447,2024-06-05,family,699
2448,2024-05-20,basic,299
2449,2023-07-18,basic,299
2452,2023-01-28,family,699
2453,2024-07-12,basic,299
2458,2023-03-30,premium,499
2460,2023-09-15,premium,499
2461,2023-11-25,premium,499
2462,2024-06-09,basic,299
2470,2023-10-15,family,699
2471,2024-07-10,family,699
2472,2023-08-05,basic,299
2478,2024-01-24,premium,499
2479,2023-08-22,premium,499
2482,2024-06-07,basic,299
2483,2023-10-21,premium,499
2487,2023-05-26,basic,299
2488,2023-06-20,premium,499
2492,2024-04-02,premium,499
2495,2024-03-19,premium,499
2497,2023-06-26,premium,499
2499,2024-03-27,family,699
2500,2024-06-15,premium,499
2501,2023-01-31,premium,499
2503,2024-07-14,basic,299
2505,2023-03-28,basic,299
2507,2024-02-21,premium,499
2510,2023-11-09,family,699
2511,2024-02-18,family,699
2514,2023-11-26,basic,299
2516,2024-01-20,premium,499
2517,2024-06-02,family,699
2520,2023-09-03,family,699
2523,2024-04-08,basic,299
2524,2024-04-01,basic,299
2530,2024-02-27,premium,499
2531,2023-05-21,premium,499
2537,2023-07-20,family,699
2538,2023-10-08,family,699
2542,2023-10-23,family,699
2543,2023-02-14,basic,299
2544,2023-03-10,premium,499
2545,2023-12-02,premium,499
2548,2023-05-02,basic,299
2549,2024-01-19,premium,499
2550,2023-12-22,basic,299
2551,2023-01-08,premium,499
2552,2023-11-02,family,699
2554,2024-05-30,premium,499
2557,2024-07-07,premium,499
2560,2023-08-13,basic,299
2561,2023-03-23,premium,499
2572,2024-02-28,premium,499
2575,2024-04-26,basic,299
2577,2023-05-23,basic,299
2583,2023-10-21,premium,499
2590,2024-03-23,family,699
2592,2023-08-05,family,699
2595,2024-03-06,premium,499
2599,2023-05-09,basic,299
2602,2023-02-12,family,699
2604,2023-05-29,family,699
2612,2024-02-01,family,699
2613,2023-07-15,premium,499
2617,2024-03-16,premium,499
2622,2023-06-10,basic,299
2624,2023-03-10,basic,299
2630,2024-07-24,basic,299
2632,2023-09-02,family,699
2634,2024-01-18,family,699
2639,2023-06-06,family,699
2641,2023-03-25,family,699
2644,2024-03-19,family,699
2646,2024-03-22,basic,299
2652,2024-04-01,family,699
2653,2024-07-03,family,699
2655,2024-02-26,premium,499
2657,2023-06-25,family,699
2658,2023-08-16,family,699
2663,2023-08-15,premium,499
2667,2023-11-13,family,699
2669,2023-04-16,premium,499
2671,2024-01-28,family,699
2674,2023-06-08,basic,299
2675,2024-06-28,family,699
2680,2023-11-18,premium,499
2681,2023-04-12,family,699
2688,2023-06-12,basic,299
2690,2024-06-06,family,699
2693,2024-02-07,basic,299
2696,2024-04-23,premium,499
2700,2024-05-21,premium,499
2702,2023-06-14,premium,499
2703,2023-02-02,family,699
2704,2024-01-10,basic,299
2705,2023-02-28,premium,499
2706,2023-10-28,basic,299
2711,2023-11-07,premium,499
2713,2023-07-04,basic,299
2715,2023-06-14,family,699
2718,2024-06-22,basic,299
2720,2023-05-01,family,699
2721,2024-03-11,family,699
2723,2023-08-03,basic,299
2726,2024-03-06,premium,499
2727,2024-07-09,basic,299
2729,2023-07-15,premium,499
2732,2023-05-06,premium,499
2735,2023-02-27,premium,499
2736,2023-08-15,basic,299
2739,2024-02-21,premium,499
2740,2024-06-27,premium,499
2741,2023-12-05,basic,299
2746,2024-02-07,basic,299
2749,2023-09-22,family,699
2756,2023-09-25,premium,499
2760,2023-04-17,premium,499
2767,2023-07-02,premium,499
2773,2024-06-09,premium,499
2774,2023-05-14,premium,499
2775,2023-06-21,premium,499
2777,2023-04-17,premium,499
2778,2024-06-21,premium,499
2782,2024-04-12,premium,499
2792,2023-12-03,family,699
2795,2023-08-22,premium,499
2798,2023-12-23,premium,499
2799,2024-05-23,basic,299
2800,2024-03-12,basic,299
2803,2023-02-07,basic,299
2804,2023-10-25,family,699
2806,2023-02-10,family,699
2807,2024-03-05,premium,499
2808,2023-11-21,basic,299
2809,2024-07-24,family,699
2813,2023-01-30,family,699
2815,2023-08-09,premium,499
2822,2023-05-09,basic,299
2823,2024-05-29,family,699
2825,2023-04-25,family,699
2827,2023-04-09,family,699
2829,2024-02-20,premium,499
2830,2024-01-07,family,699
2832,2023-05-18,basic,299
2833,2024-02-21,family,699
2834,2023-07-28,basic,299
2835,2023-07-14,basic,299
2836,2023-05-14,premium,499
2840,2023-06-01,premium,499
2843,2024-04-26,family,699
2852,2024-02-19,basic,299
2854,2023-08-19,basic,299
2857,2023-09-18,premium,499
2860,2024-01-02,family,699
2865,2024-06-28,premium,499
2867,2024-04-13,premium,499
2868,2023-09-23,family,699
2869,2024-01-30,family,699
2870,2023-11-17,basic,299
2871,2024-05-25,premium,499
2874,2023-09-19,basic,299
2875,2023-08-02,family,699
2877,2024-07-12,basic,299
2886,2024-05-22,family,699
2887,2023-01-25,premium,499
2888,2023-10-31,premium,499
2890,2024-01-04,premium,499
2895,2024-05-06,premium,499
2901,2023-12-03,family,699
2902,2024-05-02,family,699
2903,2024-04-21,family,699
2906,2024-05-07,family,699
2907,2023-02-19,basic,299
2910,2024-07-21,premium,499
2911,2024-02-15,basic,299
2913,2023-04-22,premium,499
2915,2024-05-25,family,699
2916,2023-05-28,basic,299
2917,2024-07-08,premium,499
2918,2023-09-08,family,699
2919,2023-11-26,basic,299
2921,2023-06-18,basic,299
2924,2023-03-07,basic,299
2929,2024-06-16,basic,299
2933,2024-03-31,family,699
2935,2024-02-28,family,699
2936,2024-04-06,family,699
2937,2024-05-18,basic,299
2940,2024-02-20,premium,499
2943,2023-04-10,premium,499
2946,2023-12-12,family,699
2948,2023-06-22,basic,299
2950,2023-09-23,premium,499
2951,2023-07-11,family,699
2955,2023-12-08,basic,299
2956,2023-06-15,basic,299
2959,2024-06-25,family,699
2969,2024-07-12,basic,299
2978,2024-07-21,basic,299
2979,2023-09-20,basic,299
2981,2023-03-27,premium,499
2985,2023-02-16,premium,499
2986,2024-07-22,basic,299
2989,2024-03-27,family,699
2991,2023-07-18,premium,499
2992,2023-09-29,premium,499
2996,2023-07-12,premium,499
3003,2024-07-13,basic,299
3004,2024-06-23,basic,299
3005,2024-03-19,basic,299
3014,2024-02-11,basic,299
3015,2023-08-21,family,699
3016,2024-06-29,premium,499
3017,2024-07-08,basic,299
3019,2024-01-02,premium,499
3020,2023-03-11,premium,499
3023,2024-05-22,premium,499
3025,2023-10-12,basic,299
3026,2024-02-10,premium,499
3027,2023-10-16,basic,299
3028,2023-01-17,family,699
3036,2023-07-04,family,699
3037,2023-05-01,basic,299
3038,2024-06-25,basic,299
3040,2023-09-27,basic,299
3042,2023-09-20,basic,299
3045,2024-01-30,family,699
3047,2023-12-04,family,699
3049,2023-11-10,basic,299
3050,2024-02-04,family,699
3052,2024-07-07,premium,499
3053,2024-02-18,premium,499
3056,2023-05-13,family,699
3058,2023-10-13,premium,499
3061,2024-04-09,premium,499
3062,2023-03-25,basic,299
3065,2023-09-25,family,699
3066,2023-10-14,premium,499
3068,2024-06-27,premium,499
3070,2023-05-16,basic,299
3074,2024-01-13,family,699
3076,2023-12-24,premium,499
3077,2023-04-11,premium,499
3078,2024-03-07,basic,299
3079,2023-11-06,basic,299
3081,2024-02-10,family,699
3082,2023-12-08,premium,499
3083,2023-10-20,premium,499
3085,2024-06-30,premium,499
3086,2023-12-08,basic,299
3088,2024-06-22,family,699
3093,2023-04-10,premium,499
3096,2023-10-21,premium,499
3097,2024-06-23,basic,299
3099,2024-04-05,premium,499
3100,2023-06-02,premium,499
3102,2023-12-04,family,699
3107,2023-08-12,premium,499
3108,2024-06-09,family,699
3109,2023-06-04,family,699
3114,2024-06-01,premium,499
3117,2024-05-10,family,699
3118,2023-05-24,premium,499
3123,2023-03-01,basic,299
3124,2023-08-23,basic,299
3131,2023-12-12,basic,299
3134,2023-08-09,basic,299
3135,2024-07-13,premium,499
3137,2023-09-05,basic,299
3142,2024-02-09,premium,499
3143,2023-10-05,basic,299
3146,2024-02-29,basic,299
3153,2023-01-23,premium,499
3155,2023-09-16,family,699
3156,2023-09-18,family,699
3159,2023-06-30,family,699
3160,2023-10-01,basic,299
3161,2024-04-29,basic,299
3163,2024-01-05,basic,299
3165,2024-05-21,premium,499
3167,2024-06-28,family,699
3168,2024-03-30,basic,299
3173,2024-07-22,family,699
3174,2023-11-28,premium,499
3175,2023-11-03,premium,499
3176,2024-02-03,family,699
3178,2024-02-02,basic,299
3179,2024-04-18,family,699
3183,2023-07-16,basic,299
3191,2023-08-01,basic,299
3195,2023-04-16,premium,499
3198,2024-04-20,premium,499
3199,2023-11-23,premium,499
3200,2024-02-19,basic,299
3201,2024-01-09,basic,299
3204,2024-04-06,basic,299
3206,2023-02-10,family,699
3207,2024-03-11,basic,299
3209,2024-04-18,family,699
3217,2023-02-28,premium,499
3219,2023-02-28,basic,299
3221,2023-02-03,family,699
3230,2024-05-03,premium,499
3231,2023-07-21,family,699
3233,2023-02-09,basic,299
3240,2023-10-17,basic,299
3241,2024-02-06,family,699
3245,2023-12-27,basic,299
3249,2023-06-19,premium,499
3252,2023-06-16,family,699
3253,2023-12-29,premium,499
3255,2024-07-16,basic,299
3263,2023-12-17,family,699
3265,2023-06-19,basic,299
3267,2023-04-07,premium,499
3271,2024-07-23,family,699
3274,2023-12-07,premium,499
3275,2023-11-14,family,699
3276,2024-02-20,family,699
3284,2023-06-18,family,699
3287,2023-05-10,family,699
3289,2023-06-26,family,699
3290,2024-06-25,basic,299
3292,2023-03-20,premium,499
3294,2024-01-26,premium,499
3299,2023-02-19,family,699
3300,2023-05-18,family,699
3302,2024-04-04,premium,499
3309,2024-06-14,basic,299
3310,2024-05-01,basic,299
3312,2024-01-19,premium,499
3314,2023-11-19,premium,499
3315,2023-07-18,family,699
3319,2024-04-13,family,699
3321,2024-03-08,premium,499
3323,2024-03-30,basic,299
3324,2023-10-14,premium,499
3325,2023-08-16,premium,499
3327,2024-05-11,premium,499
3330,2023-11-25,premium,499
3331,2024-04-30,premium,499
3332,2024-07-02,basic,299
3333,2023-09-27,premium,499
3334,2023-04-15,family,699
3337,2024-04-11,basic,299
3338,2023-06-22,family,699
3340,2023-02-17,basic,299
3348,2024-03-08,premium,499
3350,2023-11-21,basic,299
3353,2023-02-24,family,699
3354,2024-05-31,family,699
3357,2023-02-12,premium,499
3359,2024-02-03,family,699
3360,2024-05-22,premium,499
3370,2024-05-11,family,699
3371,2024-02-18,premium,499
3372,2024-02-22,family,699
3373,2023-05-18,basic,299
3375,2024-03-22,premium,499
3380,2024-04-16,premium,499
3389,2023-01-26,basic,299
3390,2024-07-02,premium,499
3391,2023-07-14,basic,299
3394,2024-05-24,family,699
3396,2023-09-04,premium,499
3401,2023-04-19,basic,299
3405,2023-09-04,premium,499
3406,2023-02-22,basic,299
3408,2023-06-13,premium,499
3413,2024-05-18,family,699
3415,2023-01-29,premium,499
3418,2023-10-21,premium,499
3419,2024-06-16,basic,299
3420,2023-10-22,basic,299
3421,2023-11-06,premium,499
3422,2023-05-15,premium,499
3424,2023-07-06,premium,499
3425,2023-11-21,premium,499
3426,2024-07-21,basic,299
3427,2023-09-09,basic,299
3429,2023-11-09,family,699
3430,2023-07-08,family,699
3432,2023-06-12,family,699
3435,2023-06-15,family,699
3436,2023-12-13,basic,299
3446,2024-02-18,family,699
3447,2023-11-03,premium,499
3448,2023-05-03,family,699
3450,2023-04-28,basic,299
3451,2023-12-20,family,699
3452,2023-06-26,premium,499
3453,2023-08-01,family,699
3456,2023-04-08,family,699
3457,2024-04-15,premium,499
3460,2023-10-14,premium,499
3462,2024-02-16,family,699
3468,2023-04-14,family,699
3469,2023-07-31,basic,299
3470,2024-04-23,premium,499
3472,2024-07-12,premium,499
3473,2024-03-06,family,699
3475,2023-12-23,family,699
3476,2023-08-25,family,699
3483,2023-11-11,basic,299
3486,2023-02-25,family,699
3490,2024-06-14,family,699
3493,2024-06-21,family,699
3496,2023-05-03,basic,299
3498,2023-04-22,basic,299
3502,2024-05-20,family,699
3503,2023-08-06,basic,299
3505,2023-07-13,basic,299
3507,2024-06-10,family,699
3509,2023-02-24,family,699
3513,2023-02-13,premium,499
3515,2024-04-30,basic,299
3517,2023-10-07,family,699
3521,2023-08-25,premium,499
3522,2024-03-03,basic,299
3530,2023-12-07,premium,499
3536,2024-01-06,basic,299
3543,2023-01-19,premium,499
3544,2023-06-21,family,699
3545,2024-01-09,premium,499
3546,2023-07-18,premium,499
3555,2023-07-01,premium,499
3556,2024-03-25,premium,499
3567,2023-11-15,premium,499
3570,2023-10-26,premium,499
3571,2023-09-30,family,699
3573,2024-06-14,basic,299
3579,2024-04-01,basic,299
3584,2023-09-15,premium,499
3591,2024-02-10,basic,299
3592,2024-01-07,family,699
3594,2023-04-26,basic,299
3596,2023-04-05,premium,499
3601,2023-02-16,premium,499
3602,2023-02-23,family,699
3603,2023-09-26,premium,499
3605,2023-01-29,family,699
3607,2023-08-09,premium,499
3609,2023-10-22,premium,499
3612,2023-06-04,basic,299
3613,2023-12-08,family,699
3624,2023-09-01,basic,299
3626,2023-03-14,family,699
3627,2023-05-29,premium,499
3629,2023-10-07,premium,499
3632,2024-02-29,basic,299
3634,2023-12-02,basic,299
3637,2024-01-18,basic,299
3640,2023-04-20,premium,499
3645,2023-06-12,premium,499
3652,2024-01-07,basic,299
3653,2023-05-28,basic,299
3656,2024-01-25,premium,499
3660,2024-04-13,family,699
3661,2024-02-25,premium,499
3662,2024-06-16,basic,299
3663,2023-12-23,basic,299
3664,2024-02-25,basic,299
3665,2023-03-16,family,699
3666,2023-04-30,basic,299
3673,2023-08-12,premium,499
3675,2023-05-20,premium,499
3676,2023-12-17,basic,299
3677,2024-01-16,family,699
3678,2023-06-02,premium,499
3679,2023-10-01,premium,499
3682,2024-06-10,premium,499
3684,2023-08-29,basic,299
3686,2024-07-09,basic,299
3689,2023-08-23,family,699
3690,2023-05-30,family,699
3691,2024-05-23,basic,299
3696,2023-11-24,premium,499
3698,2024-05-17,family,699
3699,2024-01-30,family,699
3701,2024-01-02,family,699
3705,2023-03-17,family,699
3706,2023-07-10,premium,499
3708,2023-02-05,family,699
3709,2023-03-01,premium,499
3711,2024-05-09,basic,299
3712,2024-02-12,premium,499
3713,2023-10-07,family,699
3714,2023-06-27,premium,499
3715,2023-06-23,basic,299
3716,2023-09-23,basic,299
3717,2024-04-12,family,699
3721,2024-04-10,basic,299
3723,2023-05-17,family,699
3724,2023-08-18,premium,499
3727,2023-08-13,basic,299
3731,2024-07-06,family,699
3734,2023-07-28,family,699
3735,2024-04-26,basic,299
3736,2023-12-03,premium,499
3738,2023-02-27,basic,299
3742,2024-01-01,family,699
3746,2023-10-07,premium,499
3751,2024-01-01,family,699
3753,2023-11-29,family,699
3754,2023-05-24,premium,499
3755,2023-11-19,basic,299
3756,2024-05-22,basic,299
3757,2024-01-10,basic,299
3760,2023-11-30,family,699
3763,2023-01-21,basic,299
3764,2024-02-17,basic,299
3765,2024-02-27,basic,299
3766,2023-12-23,premium,499
3767,2023-12-27,basic,299
3770,2023-11-26,premium,499
3772,2023-07-28,family,699
3774,2023-02-10,basic,299
3775,2023-03-15,premium,499
3776,2023-05-07,basic,299
3777,2023-05-28,basic,299
3778,2023-04-08,family,699
3779,2024-04-18,family,699
3783,2023-07-16,premium,499
3785,2023-01-25,basic,299
3786,2023-10-17,basic,299
3787,2023-04-04,premium,499
3789,2023-11-06,basic,299
3790,2023-11-08,premium,499
3791,2024-01-16,premium,499
3793,2023-06-21,premium,499
3794,2024-06-01,premium,499
3796,2023-04-15,premium,499
3798,2024-04-24,family,699
3800,2024-07-18,family,699
3801,2023-07-19,family,699
3803,2024-05-13,premium,499
3808,2023-07-26,family,699
3810,2023-12-31,premium,499
3812,2023-11-07,basic,299
3813,2024-05-31,premium,499
3818,2023-01-29,premium,499
3820,2023-05-12,family,699
3824,2023-09-18,premium,499
3829,2024-05-05,premium,499
3833,2023-08-09,premium,499
3835,2023-01-21,family,699
3844,2024-01-19,family,699
3846,2024-04-28,family,699
3847,2024-04-14,premium,499
3849,2023-05-26,family,699
3852,2023-02-16,family,699
3854,2023-02-11,family,699
3855,2023-02-27,premium,499
3859,2023-04-19,basic,299
3860,2024-06-05,basic,299
3861,2024-03-17,family,699
3867,2024-05-30,premium,499
3871,2023-03-06,family,699
3874,2023-08-13,basic,299
3876,2024-02-06,premium,499
3877,2023-10-12,basic,299
3881,2023-05-15,premium,499
3885,2024-07-05,basic,299
3886,2023-08-18,family,699
3887,2024-05-30,basic,299
3889,2024-05-12,family,699
3893,2024-02-15,premium,499
3898,2023-10-19,premium,499
3899,2023-02-13,basic,299
3907,2023-10-22,premium,499
3909,2023-09-25,family,699
3910,2023-03-08,basic,299
3911,2024-05-28,family,699
3915,2024-01-04,premium,499
3917,2023-11-17,family,699
3918,2024-03-03,basic,299
3920,2024-05-22,premium,499
3921,2023-12-29,family,699
3922,2023-12-28,family,699
3923,2023-06-11,premium,499
3925,2023-05-11,basic,299
3926,2024-07-24,premium,499
3928,2024-02-16,family,699
3933,2023-12-05,basic,299
3934,2023-08-29,family,699
3937,2023-03-11,basic,299
3940,2023-08-04,premium,499
3942,2023-02-14,basic,299
3947,2024-05-01,basic,299
3952,2024-03-12,family,699
3956,2023-05-30,family,699
3959,2023-05-12,family,699
3960,2023-08-01,basic,299
3961,2023-02-02,basic,299
3962,2023-03-14,family,699
3964,2024-04-08,basic,299
3966,2023-01-31,basic,299
3975,2023-03-12,premium,499
3977,2023-08-18,basic,299
3979,2024-07-04,basic,299
3981,2023-06-11,premium,499
3985,2023-05-25,family,699
3987,2023-07-17,family,699
3990,2023-02-01,basic,299
3994,2023-04-16,premium,499
3996,2023-03-11,family,699
3997,2023-10-28,premium,499
3999,2024-05-08,premium,499
4001,2024-05-18,basic,299
4004,2023-09-23,premium,499
4005,2023-11-13,family,699
4007,2024-03-28,premium,499
4008,2023-06-12,basic,299
4009,2024-01-15,basic,299
4010,2024-04-25,basic,299
4012,2023-12-13,premium,499
4016,2023-05-21,family,699
4017,2023-03-21,premium,499
4018,2024-04-20,basic,299
4021,2023-04-23,basic,299
4022,2023-11-28,premium,499
4029,2023-09-10,premium,499
4036,2024-04-18,family,699
4039,2024-02-14,premium,499
4042,2024-02-05,family,699
4043,2024-05-22,basic,299
4047,2023-08-16,family,699
4048,2023-10-19,basic,299
4049,2024-02-20,basic,299
4052,2024-02-22,family,699
4054,2023-09-26,basic,299
4056,2023-07-12,premium,499
4058,2023-04-28,family,699
4061,2023-10-28,basic,299
4066,2023-06-29,basic,299
4070,2024-07-16,family,699
4071,2023-12-11,family,699
4072,2023-01-29,basic,299
4074,2023-06-26,basic,299
4075,2024-01-29,premium,499
4079,2024-05-05,family,699
4081,2024-04-30,basic,299
4082,2024-03-14,family,699
4083,2024-06-18,basic,299
4084,2023-08-28,basic,299
4087,2023-11-19,premium,499
4088,2023-09-08,premium,499
4090,2023-09-28,family,699
4093,2023-08-27,premium,499
4094,2023-03-14,family,699
4096,2024-05-06,family,699
4100,2023-04-18,family,699
4101,2023-01-28,basic,299
4103,2023-12-18,family,699
4105,2024-06-15,family,699
4106,2024-06-07,basic,299
4111,2023-02-27,family,699
4117,2023-09-02,family,699
4121,2024-07-04,premium,499
4125,2023-11-11,premium,499
4129,2024-03-31,family,699
4138,2023-06-23,family,699
4139,2024-02-01,premium,499
4142,2023-06-29,basic,299
4144,2024-01-29,family,699
4145,2023-04-13,family,699
4148,2023-07-03,premium,499
4153,2023-09-10,basic,299
4154,2024-02-20,premium,499
4155,2024-04-22,premium,499
4156,2024-03-14,basic,299
4157,2023-12-11,basic,299
4159,2023-03-30,premium,499
4161,2023-04-04,family,699
4162,2023-09-13,basic,299
4165,2023-07-03,premium,499
4167,2024-02-22,premium,499
4168,2024-02-21,premium,499
4172,2023-06-29,basic,299
4175,2023-02-13,premium,499
4176,2024-01-26,family,699
4177,2024-05-10,premium,499
4178,2023-06-23,basic,299
4179,2024-02-28,premium,499
4180,2023-03-12,premium,499
4182,2023-01-29,premium,499
4186,2023-10-04,premium,499
4188,2023-01-08,premium,499
4189,2023-10-22,basic,299
4190,2024-06-21,basic,299
4191,2023-02-26,family,699
4194,2024-07-17,basic,299
4196,2024-05-23,basic,299
4198,2024-03-09,basic,299
4200,2023-11-26,premium,499
4201,2023-07-07,family,699
4203,2024-04-12,basic,299
4208,2023-04-01,premium,499
4211,2024-03-21,premium,499
4215,2024-01-19,premium,499
4218,2024-03-05,premium,499
4221,2023-05-27,family,699
4222,2024-07-19,premium,499
4225,2023-02-14,basic,299
4226,2023-05-24,family,699
4228,2023-03-25,family,699
4229,2024-06-05,family,699
4230,2023-02-12,premium,499
4231,2023-07-10,basic,299
4232,2024-06-21,basic,299
4236,2023-02-25,premium,499
4240,2023-10-26,premium,499
4241,2023-03-31,premium,499
4242,2024-05-17,family,699
4245,2023-12-09,premium,499
4247,2023-09-06,basic,299
4248,2024-06-12,basic,299
4254,2023-11-01,premium,499
4255,2023-05-31,premium,499
4259,2023-05-25,premium,499
4260,2023-10-02,family,699
4268,2023-08-05,family,699
4272,2023-03-28,family,699
4273,2023-10-26,family,699
4276,2024-07-17,basic,299
4279,2024-02-11,basic,299
4281,2023-09-18,family,699
4284,2023-10-14,premium,499
4286,2023-03-13,basic,299
4287,2023-11-07,premium,499
4288,2024-07-07,family,699
4289,2023-01-31,basic,299
4292,2023-11-26,premium,499
4295,2023-07-29,basic,299
4297,2024-06-30,basic,299
4299,2023-05-12,premium,499
4301,2024-03-22,family,699
4306,2024-04-09,premium,499
4311,2023-08-16,basic,299
4315,2023-04-25,family,699
4319,2024-04-18,premium,499
4322,2023-06-10,basic,299
4325,2023-05-04,premium,499
4326,2023-03-29,premium,499
4327,2024-04-03,premium,499
4331,2023-12-15,basic,299
4334,2023-05-10,basic,299
4340,2024-07-15,premium,499
4343,2023-06-07,family,699
4344,2023-06-14,basic,299
4345,2024-04-03,family,699
4346,2024-04-27,basic,299
4347,2023-02-13,family,699
4348,2023-01-25,premium,499
4352,2023-02-25,premium,499
4354,2023-11-14,basic,299
4360,2024-04-20,basic,299
4365,2023-05-27,premium,499
4367,2024-02-01,basic,299
4368,2023-12-11,family,699
4369,2024-07-19,basic,299
4370,2023-03-02,premium,499
4378,2023-07-29,premium,499
4382,2024-07-15,family,699
4383,2023-11-21,basic,299
4385,2024-07-15,family,699
4387,2023-02-25,family,699
4391,2023-07-23,basic,299
4394,2023-04-23,family,699
4396,2023-12-08,family,699
4401,2023-12-02,family,699
4402,2023-08-20,family,699
4404,2024-04-24,basic,299
4407,2023-09-09,basic,299
4412,2023-07-21,premium,499
4415,2024-02-15,basic,299
4419,2024-01-15,family,699
4420,2023-12-07,family,699
4424,2023-02-03,premium,499
4425,2023-07-29,family,699
4428,2024-03-17,family,699
4429,2023-02-24,premium,499
4431,2024-02-02,basic,299
4432,2023-09-07,basic,299
4433,2024-04-01,basic,299
4436,2024-07-12,family,699
4439,2023-12-23,premium,499
4440,2023-07-02,premium,499
4441,2024-01-28,family,699
4446,2023-10-05,family,699
4451,2024-04-27,basic,299
4452,2023-02-19,premium,499
4453,2023-03-19,premium,499
4454,2023-07-22,premium,499
4455,2023-06-25,premium,499
4456,2024-02-09,family,699
4457,2024-04-28,family,699
4458,2024-07-11,premium,499
4459,2023-09-28,basic,299
4460,2023-05-05,family,699
4461,2023-12-13,premium,499
4463,2023-11-07,premium,499
4464,2023-03-24,premium,499
4466,2024-05-13,family,699
4467,2023-07-26,premium,499
4474,2024-01-25,basic,299
4476,2024-02-08,premium,499
4480,2023-10-03,family,699
4486,2023-05-06,basic,299
4489,2024-01-30,basic,299
4490,2023-10-30,basic,299
4491,2023-03-24,premium,499
4493,2023-07-31,premium,499
4494,2023-06-19,basic,299
4496,2024-04-26,basic,299
4501,2024-02-03,premium,499
4503,2024-07-04,family,699
4506,2024-01-12,family,699
4512,2023-12-19,basic,299
4515,2023-04-15,premium,499
4516,2023-10-22,premium,499
4520,2023-09-02,family,699
4521,2023-05-08,family,699
4522,2023-05-01,basic,299
4524,2023-01-24,premium,499
4525,2024-07-10,basic,299
4528,2024-04-22,basic,299
4536,2024-07-11,family,699
4543,2024-07-17,family,699
4544,2023-06-02,basic,299
4548,2023-12-05,family,699
4549,2024-04-02,basic,299
4550,2023-10-27,basic,299
4552,2023-10-24,premium,499
4557,2024-04-28,premium,499
4570,2024-02-10,family,699
4575,2023-09-04,family,699
4577,2023-12-29,basic,299
4578,2023-07-26,premium,499
4579,2023-07-14,family,699
4580,2023-12-23,premium,499
4583,2024-06-07,premium,499
4584,2023-12-13,family,699
4585,2023-11-13,basic,299
4586,2023-07-20,family,699
4587,2023-03-26,basic,299
4591,2024-01-17,premium,499
4595,2023-09-02,family,699
4597,2023-12-21,premium,499
4598,2023-10-22,basic,299
4599,2023-04-12,family,699
4601,2024-06-20,basic,299
4603,2024-01-16,family,699
4605,2023-06-24,premium,499
4610,2023-12-22,premium,499
4613,2024-06-26,basic,299
4615,2023-02-14,premium,499
4617,2023-09-01,premium,499
4618,2023-09-28,family,699
4624,2024-05-21,basic,299
4626,2024-03-29,premium,499
4630,2023-08-07,family,699
4631,2023-06-08,family,699
4632,2023-05-02,family,699
4636,2024-06-29,basic,299
4641,2023-06-20,family,699
4642,2023-06-04,family,699
4645,2023-05-22,basic,299
4647,2024-04-04,basic,299
4649,2023-07-26,family,699
4650,2023-06-26,family,699
4653,2023-07-03,family,699
4655,2023-12-04,basic,299
4657,2023-08-14,basic,299
4662,2023-07-15,premium,499
4668,2024-01-25,family,699
4670,2023-10-21,premium,499
4671,2024-05-08,family,699
4674,2024-03-02,basic,299
4675,2023-01-26,family,699
4676,2024-02-16,premium,499
4678,2024-01-04,premium,499
4679,2023-05-05,family,699
4680,2023-07-16,basic,299
4681,2023-04-09,family,699
4684,2023-04-22,family,699
4685,2023-05-12,family,699
4691,2023-06-08,basic,299
4692,2023-02-13,family,699
4694,2023-09-01,family,699
4695,2023-08-13,family,699
4701,2023-06-11,basic,299
4703,2023-11-03,family,699
4704,2023-07-31,family,699
4708,2023-06-20,premium,499
4711,2023-08-21,premium,499
4712,2023-07-07,basic,299
4717,2024-03-29,family,699
4720,2023-12-17,family,699
4721,2023-09-09,family,699
4722,2023-10-12,premium,499
4723,2024-01-12,basic,299
4728,2023-05-11,family,699
4729,2024-04-09,premium,499
4732,2024-03-03,family,699
4740,2024-04-18,family,699
4742,2023-04-02,family,699
4748,2024-03-12,family,699
4751,2023-08-15,family,699
4752,2024-02-17,basic,299
4755,2023-09-28,premium,499
4756,2023-03-04,premium,499
4757,2024-03-17,family,699
4758,2023-12-07,basic,299
4761,2023-09-28,premium,499
4767,2024-06-05,basic,299
4768,2023-03-28,premium,499
4770,2024-02-15,basic,299
4771,2024-03-15,family,699
4783,2024-07-15,family,699
4785,2023-04-25,basic,299
4787,2023-02-21,basic,299
4789,2023-05-28,basic,299
4792,2023-01-17,basic,299
4793,2023-02-02,premium,499
4797,2023-04-02,basic,299
4798,2023-11-03,premium,499
4800,2024-05-07,premium,499
4805,2024-06-08,family,699
4807,2024-03-13,family,699
4811,2024-07-05,family,699
4812,2024-04-19,premium,499
4813,2024-01-12,family,699
4815,2023-10-22,family,699
4818,2023-02-24,family,699
4821,2023-02-01,premium,499
4823,2023-09-22,family,699
4824,2024-03-05,family,699
4829,2024-01-31,family,699
4830,2023-06-21,premium,499
4842,2024-02-02,premium,499
4844,2024-02-10,family,699
4848,2023-06-04,family,699
4849,2024-05-09,family,699
4855,2024-02-13,family,699
4858,2023-10-01,basic,299
4859,2024-02-14,family,699
4861,2023-02-22,premium,499
4863,2024-03-14,family,699
4864,2023-12-29,basic,299
4866,2023-07-30,basic,299
4867,2023-06-12,family,699
4874,2024-04-25,premium,499
4875,2023-12-10,premium,499
4878,2023-04-22,basic,299
4879,2024-06-17,premium,499
4881,2024-05-11,basic,299
4885,2024-03-04,basic,299
4888,2024-05-11,premium,499
4889,2023-12-23,basic,299
4899,2024-07-06,family,699
4901,2023-08-04,basic,299
4904,2023-04-12,basic,299
4906,2024-02-15,premium,499
4907,2023-12-16,family,699
4908,2024-02-05,family,699
4910,2023-09-03,premium,499
4911,2023-01-19,family,699
4913,2024-05-09,premium,499
4915,2023-11-06,premium,499
4921,2024-07-05,premium,499
4924,2023-03-15,premium,499
4926,2024-04-19,family,699
4927,2024-02-14,premium,499
4928,2024-07-12,family,699
4931,2024-04-19,premium,499
4932,2023-05-12,basic,299
4936,2023-05-18,family,699
4939,2024-04-02,premium,499
4941,2023-05-18,basic,299
4947,2023-12-07,family,699
4950,2024-03-08,premium,499
4951,2023-11-07,basic,299
4957,2023-01-12,basic,299
4963,2024-02-23,family,699
4967,2023-03-21,basic,299
4968,2024-03-22,family,699
4971,2023-02-08,premium,499
4973,2023-01-25,family,699
4974,2023-01-10,premium,499
4976,2024-06-15,premium,499
4977,2024-06-03,basic,299
4980,2024-07-25,premium,499
4981,2024-02-28,premium,499
4985,2023-10-22,premium,499
4986,2023-12-21,family,699
4987,2024-05-20,basic,299
4992,2024-01-14,family,699
4993,2024-05-14,basic,299
